joint2_to_joint1,joint3_to_joint2,joint4_to_joint3,joint5_to_joint4,joint6_to_joint5,joint6output_to_joint6,joint2_to_joint1_vel,joint3_to_joint2_vel,joint4_to_joint3_vel,joint5_to_joint4_vel,joint6_to_joint5_vel,joint6output_to_joint6_vel
-0.0004613180000001549,-0.0004613180000001549,-0.0004613180000001549,-0.0004613180000001549,-0.0004613180000001549,-0.0004613180000001549,0.0,0.0,0.0,0.0,0.0,0.0
-0.05026545610543544,-0.0723304552856944,-0.050099050436933815,0.0035149143420775252,-0.0005021952083968883,-0.0004532957322443345,-0.223836049713725,-0.32300335671520375,-0.2230881683347014,0.017870485747799533,-0.00018371551439118203,3.6054689279175746e-05
-0.10006959421087072,-0.14419959257138865,-0.09973678287386747,0.007491146684155205,-0.0005430724167936217,-0.0004452734644885141,-0.36168742520435415,-0.5219277796052086,-0.36047895458184603,0.028876179621375776,-0.0002968583097102688,5.8259282848344964e-05
-0.149873732316306,-0.2160687298570829,-0.14937451531080115,0.011467379026232885,-0.0005839496251903551,-0.0004372511967326937,-0.4408161285954286,-0.6361133044146716,-0.4393432730184496,0.03519360868608887,-0.000361803927117254,7.100504394213678e-05
-0.1996778704217413,-0.28793786714277714,-0.1990122477477348,0.015443611368310566,-0.0006248268335870884,-0.0004292289289768733,-0.5052620644914645,-0.7291110750941284,-0.5035738820470215,0.04033880393237136,-0.0004146985268866104,8.138575874213881e-05
-0.24948200852717656,-0.3598070044284714,-0.24864998018466847,0.019419843710388244,-0.0006657040419838217,-0.00042120666122105293,-0.5600782159346138,-0.8082127253465835,-0.558206881674427,0.04471518233239617,-0.00045968939172810004,9.021534320938922e-05
-0.2992861466326118,-0.43167614171416563,-0.29828771262160214,0.023396076052465926,-0.0007065812503805551,-0.00041318439346523254,-0.6125492963190191,-0.8839303549076488,-0.6105026455983824,0.048904336382337654,-0.0005027555177422562,9.86671922382738e-05
-0.3490902847380471,-0.5035452789998598,-0.34792544505853573,0.0273723083945436,-0.0007474584587772885,-0.0004051621257094122,-0.6184299513614202,-0.8924163486553454,-0.6163636521864424,0.04937383252586483,-0.000507582119924762,9.961442656707391e-05
-0.3988944228434824,-0.5754144162855541,-0.39756317749546943,0.031348540736621286,-0.0007883356671740219,-0.00039713985795359176,-0.5713357880748995,-0.8244578011260499,-0.5694268399960827,0.04561395749727733,-0.0004689291485018346,9.202867160789794e-05
-0.44869856094891764,-0.6472835535712483,-0.4472009099324031,0.03532477307869896,-0.0008292128755707552,-0.00038911759019777143,-0.517116757798562,-0.7462178178905594,-0.5153889664332607,0.04128525169205961,-0.0004244283763976636,8.329526922641473e-05
-0.49850269905435296,-0.7191526908569427,-0.4968386423693368,0.03930100542077664,-0.0008700900839674886,-0.00038109532244195104,-0.44943628121822676,-0.6485524903104294,-0.4479346239730662,0.03588181916329569,-0.000368878997353944,7.239354648563479e-05
-0.5483068371597882,-0.7910218281426368,-0.5464763748062704,0.043277237762854324,-0.000910967292364222,-0.00037307305468613065,-0.36186640976660145,-0.5221860606751254,-0.36065734112057835,0.028890469281476597,-0.0002970052129502224,5.828811302465414e-05
-0.5981109752652235,-0.8628909654283311,-0.5961141072432041,0.047253470104932006,-0.0009518445007609554,-0.00036505078693031026,-0.22187265786238713,-0.32017011265402406,-0.22113133657146034,0.017713733669027804,-0.00018210404231426992,3.573843332655424e-05
-0.6479151133706588,-0.9347601027140253,-0.6457518396801377,0.05122970244700968,-0.0009927217091576887,-0.00035702851917448987,0.0,0.0,0.0,0.0,0.0,0.0
-0.6479151133706588,-0.9347601027140253,-0.6457518396801377,0.05122970244700968,-0.0009927217091576887,-0.00035702851917448987,0.0,0.0,0.0,0.0,0.0,0.0
-0.6480932041983293,-0.9339033933556973,-0.648097698995928,0.05293452497252471,-0.0004613502054209947,-0.00046133334668786035,-0.0003394240451487136,0.0005895388683965026,-0.15368012457109714,0.14573921040667498,0.0010127341837409048,-0.00019879078248045701
-0.6480932067776557,-0.9345576704741063,-0.7416749041963175,0.14229777037772157,-0.00046134813083356934,-0.00046133221092451424,-1.2423857884011802e-08,-0.036936573323335366,-0.38657174546476825,0.4001318200230223,9.929525600814807e-09,5.364508190487825e-09
-0.6480932093689369,-0.9457486753961025,-0.815681014886975,0.22262664907669483,-0.0004613460663208554,-0.0004613311029869343,-1.805619972234785e-08,-0.1086755499882369,-0.45825062908879044,0.5330928070429126,1.4322139874713534e-08,7.61369402572648e-09
-0.6480932119728463,-0.9651962507604717,-0.8747028108647783,0.2962277835049236,-0.00046134400871602116,-0.0004613300181017299,-2.1016711182033484e-08,-0.18655724746189029,-0.4209406093016295,0.5683074642093335,1.6533450460849733e-08,8.634366863945436e-09
-0.6480932145894445,-0.9916080188330032,-0.9211430651298271,0.36421156892861645,-0.00046134195824421015,-0.0004613289562450549,-2.1965759430506407e-08,-0.2459922061655112,-0.343602342480017,0.5488232607854606,1.714264815931127e-08,8.799478823380765e-09
-0.6480932172187922,-1.0241160182459306,-0.9564373977589673,0.4271456640567158,-0.0004613399151412114,-0.0004613279173839435,-2.155121981365192e-08,-0.28824591844491965,-0.24640889760148837,0.4948501918572937,1.6673964315785794e-08,8.399796620392148e-09
-0.6480932198609494,-1.0620868425683887,-0.9814689679184352,0.4852798216248209,-0.00046133787964344964,-0.0004613269014815495,-1.951213422103672e-08,-0.29602191622362534,-0.15274868978719358,0.41289635072821707,1.4974110278338138e-08,7.411505574472714e-09
-0.6480932225159782,-1.105031243700559,-0.9967731362567128,0.5386601541815494,-0.00046133585198761143,-0.00046132590850170735,-2.019977557345348e-08,-0.34566255702188703,-0.07529195990324564,0.3840190065566894,1.5348947509225574e-08,7.434755787809313e-09
-0.6480932251839403,-1.152561008542038,-1.002643567656162,0.5871921135086776,-0.00046133383241080556,-0.0004613249384057443,-2.4198845853367706e-08,-0.4502154948650646,-0.009077939139334721,0.4152496676901266,1.8232200255285127e-08,8.66879847616054e-09
-0.6480932278648981,-1.2043716292150524,-0.9991850047831414,0.630675934394745,-0.000461331821150561,-0.00046132399115395375,-2.635282886153668e-08,-0.5286370619717184,0.08168349681487094,0.39922117099457805,1.9676631913317216e-08,9.17172269492075e-09
-0.6480932305589154,-1.2602415616993197,-0.9863313481890765,0.6688239733712139,-0.00046132981844482175,-0.0004613230667053313,-2.5692720122677066e-08,-0.549049896038361,0.1650303871961845,0.3376964216374079,1.901753392329158e-08,8.695634666317842e-09
-0.6480932332660558,-1.320044830019192,-0.9638347696529794,0.7012624262411747,-0.0004613278245319784,-0.00046132216501667514,-2.4618057234342224e-08,-0.5607214298518839,0.25101339505435233,0.26554756091267767,1.8045155765254974e-08,8.073930769291434e-09
-0.6480932359863839,-1.3837780407449642,-0.9312223932991679,0.7275150236993769,-0.00046132583965088577,-0.00046132128604390395,-2.4033298031008404e-08,-0.578868337374132,0.3329697862780829,0.20298809736988535,1.7456787558546086e-08,7.65297546826457e-09
-0.6480932387199646,-1.4516083154300103,-0.8877056090602921,0.7469602772317989,-0.00046132386404057447,-0.0004613204297409697,-2.3091046104908898e-08,-0.5907939326208659,0.41850782664315955,0.13126410750744055,1.6606953684783144e-08,7.119390649426794e-09
-0.648093241466864,-1.5239592047032775,-0.8320047564674141,0.7587420769984958,-0.0004613218979407618,-0.0004613195960614077,-2.0389496435366115e-08,-0.5528623877941485,0.45773234840636623,0.05906925872998363,1.4532848992333454e-08,6.104150997148053e-09
-0.6480932442271485,-1.6016778532435476,-0.7619960525944753,0.7615837847520084,-0.0004613199415913548,-0.00046131878495595506,-1.1977753618216343e-08,-0.3450631913137177,0.32469077164979315,-0.0007244393897596138,8.466203831502576e-09,3.488428779724721e-09
-0.6480932470008856,-1.686406033171717,-0.6739176612224766,0.7533653363945072,-0.00046131799523296043,-0.0004613179963757323,0.0,0.0,0.0,0.0,0.0,0.0
-0.6480932470008856,-1.686406033171717,-0.6739176612224766,0.7533653363945072,-0.00046131799523296043,-0.0004613179963757323,0.0,0.0,0.0,0.0,0.0,0.0
-0.6480932470008856,-1.686406033171717,-0.6739176612224766,0.7533653363945072,-0.00046131799523296043,-0.0004613179963757323,0.0,0.0,0.0,0.0,0.0,0.0
-0.6480932470007997,-1.613037251218751,-0.7342294764466413,0.7426496895733327,-0.0004613179956689005,-0.0004613179966945108,5.877851941965407e-13,0.48513492129095137,-0.36614170629461285,-0.10288805964250074,-2.9974782287445356e-12,-2.198559762653682e-12
-0.6480932470007147,-1.5456401967564373,-0.7796540817618195,0.7230185603353416,-0.0004613179961044716,-0.0004613179970150582,6.561280343050162e-13,0.5013168038812622,-0.29622512485033614,-0.18687628769875297,-3.38648249423299e-12,-2.5041044153502737e-12
-0.6480932470006309,-1.4833528084703151,-0.8123928963079791,0.695811306504713,-0.00046131799653954434,-0.00046131799733788116,7.373536981236212e-13,0.530944850104675,-0.24001427697676195,-0.2701999290641228,-3.8500030476415725e-12,-2.8700718514830993e-12
-0.6480932470005482,-1.4257958319696564,-0.8336611863019735,0.6618639399070982,-0.00046131799697410135,-0.000461317997663399,7.531670494703389e-13,0.5055570321040948,-0.14298934658530965,-0.3410961743597235,-3.9824518118255135e-12,-2.993691260531815e-12
-0.6480932470004666,-1.3728578193702103,-0.8441376103500431,0.6217436712649608,-0.0004613179974080915,-0.0004613179979906726,7.768401346418984e-13,0.48568383042524643,-0.05049038032525612,-0.41272173081757463,-4.1625158846991894e-12,-3.1531315938422252e-12
-0.6480932470003863,-1.324613505242856,-0.8441284917545598,0.5758315584510779,-0.00046131799784148017,-0.00046131799832045906,7.674256178863939e-13,0.4400287036890202,0.050835748477418806,-0.4683545079426982,-4.164543301318906e-12,-3.1792910789855445e-12
-0.6480932470003069,-1.2812871175414786,-0.8336340389139538,0.524352037818144,-0.00046131799827442524,-0.00046131799865203367,7.57219253412668e-13,0.3912485614162031,0.15238033321375571,-0.5211230046336754,-4.1584259271830235e-12,-3.1994449056675527e-12
-0.6480932470002287,-1.2432462393161439,-0.8123482034494407,0.46736664403744044,-0.0004613179987066894,-0.0004613179989861626,7.19980017514553e-13,0.3266386121572669,0.24909104112178626,-0.5540124679151675,-4.007289590266516e-12,-3.1076802656366124e-12
-0.6480932470001517,-1.2110267482552555,-0.7795919586360421,0.4047322280722978,-0.000461317999138459,-0.00046131799932216326,6.020883577175789e-13,0.23091712044255877,0.2997372288438609,-0.5122681434685662,-3.388505034705452e-12,-2.6438188057445295e-12
-0.6480932470000755,-1.1854045382942193,-0.7341471998438639,0.33600657922803795,-0.0004613179995695872,-0.0004613179996597256,3.5076572709238596e-13,0.10867050455687893,0.2293573411789206,-0.327187957569289,-1.9952534213479745e-12,-1.5665922428331167e-12
-0.6480932470000008,-1.1675605621190634,-0.6738921612833557,0.2602488844012338,-0.0004613180000000965,-0.00046131800000020963,0.0,0.0,0.0,0.0,0.0,0.0
-0.6480932470000008,-1.1675605621190634,-0.6738921612833557,0.2602488844012338,-0.0004613180000000965,-0.00046131800000020963,0.0,0.0,0.0,0.0,0.0,0.0
-0.6480932470000008,-1.1675605621190634,-0.6738921612833557,0.2602488844012338,-0.0004613180000000965,-0.00046131800000020963,0.0,0.0,0.0,0.0,0.0,0.0
-0.6254894548879968,-1.082129665563575,-0.8526280651772513,0.35356008299102154,-0.0005862147054463764,-0.012460724660407036,0.14350449840269702,0.4791211818897698,-1.0,0.5209196531617285,-0.0007342690122530233,-0.07056796071884933
-0.6018038238558722,-1.0112738815235702,-1.0001614218033539,0.43024459421841776,-0.000699779995567498,-0.02337835230977922,0.17698217502027108,0.48125061553666293,-1.0,0.518801208191177,-0.0007808009842144095,-0.07508859878778101
-0.5769778896086127,-0.949378294261149,-1.1285138180751646,0.4967086700855595,-0.0008014147979176601,-0.033155739606261524,0.20976741696366777,0.48312475559332896,-1.0,0.5169328879083023,-0.0007827545762183244,-0.07531349730553014
-0.5509458510548932,-0.8936544945681932,-1.2436413859756743,0.5561191928905664,-0.0008904852297308413,-0.04172708794734349,0.24287915435220503,0.48487150851825556,-1.0,0.5151903133595157,-0.0007470580523164507,-0.0719315837093911
-0.5236417782357292,-0.842575724193392,-1.3488012077992872,0.6102070769103484,-0.0009662475002166233,-0.049026472091292086,0.27710952830687074,0.48657116246536836,-1.0,0.5134921657812919,-0.0006781239733417522,-0.06535225757665251
-0.4949981247401498,-0.7951807105913622,-1.4460382691386877,0.6600551225491232,-0.0010280707380268712,-0.05498634786014356,0.31298620092435736,0.48827620293948115,-1.0,0.5117813166942116,-0.0005781112929316729,-0.0557447377103958
-0.4649464914987185,-0.7508251013501014,-1.5367199585965499,0.7063860411763154,-0.0010752636173507236,-0.05953831940261392,0.35098345848528245,0.49002511504575474,-1.0,0.510021552938067,-0.00044753207972593684,-0.04317433374532015
-0.4334185550423927,-0.7090582630121774,-1.6217995314932288,0.749702177215173,-0.0011071378873578198,-0.06261406646256437,0.3915681127868726,0.49185160577818,-1.0,0.5081792716186229,-0.0002863487891446116,-0.027634678487661928
-0.4003472819902812,-0.6695564032857219,-1.7019594432372067,0.7903619746993802,-0.0011230141099376784,-0.06414655889837736,0.43523004056276704,0.49378647169676165,-1.0,0.506224027204162,-9.388779811245775e-05,-0.009064087304092031
-0.36566847089310706,-0.6320836432836777,-1.7776949252772776,0.8286246378904739,-0.001122235451427052,-0.0640715984895433,0.4825084352547563,0.4958591574325312,-1.0,0.5041270049230145,0.0001310613333054037,0.012646717002838715
-0.3293226740908041,-0.5964681294602855,-1.849365496313711,0.8646777672882276,-0.001104185836208205,-0.062329740728814184,0.5340186265417448,0.4980985201236786,-1.0,0.5018602903426106,0.00039022393227273463,0.03765258205404424
-0.2912575469255959,-0.5625867872546386,-1.9172281485222478,0.8986553122179258,-0.0010683131979117078,-0.058868643933370435,0.5754368519952073,0.4883556791384483,-0.9757328438033743,0.48730896540004287,0.0006654027232385174,0.06418338281498058
-0.2514306608469373,-0.5303553136991811,-1.9814595357315528,0.9306497632901085,-0.0010141584842438516,-0.0536458822035984,0.6021942129736332,0.4648565324888157,-0.9238947025622768,0.4589467554067913,0.0009382550578921517,0.0904559030935493
-0.20981279675538406,-0.4997214868959053,-2.0421713213136035,0.9607208191672079,-0.0009413908586668131,-0.04663223857066241,0.6274230631695858,0.44044158351150764,-0.8703506024253953,0.42979933975390905,0.0012122293008139412,0.11679253205964661
-0.1663917021986512,-0.4706606440242459,-2.0994211829102394,0.9889018748552268,-0.0008498491543426082,-0.037815461941520745,0.6511587963427643,0.41550512948338003,-0.8159718073783536,0.4003455920794378,0.0014821122367150363,0.14268574990928623
-0.12117624782677112,-0.44317259878580406,-2.1532210588868894,1.0152051854401667,-0.0007395890238015481,-0.027204423249484952,0.670410657528938,0.3883064138594664,-0.7574351163474474,0.36901015320825004,0.0017369674470049685,0.16706271052859642
-0.07420086155944897,-0.41727980914509627,-2.2035441397279425,1.0396277013663966,-0.000610903131647651,-0.014833550072860854,0.6889229242526738,0.36126487152547015,-0.6995716684440598,0.33819705108488063,0.0019810984326383988,0.19039371073466507
-0.02552997511936185,-0.39302467843714795,-2.2503288638466943,1.062149835423559,-0.000464503002658738,-0.0007672695818924883,0.7059491453710125,0.3341093778425349,-0.6419825453766478,0.30777789707176584,0.0022080038374412154,0.21207567652949355
0.02473769389999906,-0.3704696847304849,-2.293486354191491,1.082746450389322,-0.0003013794685663028,0.014895705102307923,0.7201387231929701,0.3060026746614658,-0.5831748577657707,0.2771058246705901,0.0024110840058073953,0.23145542369812136
0.07646560198797543,-0.3496950147529751,-2.3329043094814383,1.101386229777763,-0.0001229679592080197,0.032018838133764264,0.7307492171133895,0.2769153396658438,-0.5232815420874142,0.24633904943540288,0.0025825767620755733,0.24784001298577288
0.1294769451729581,-0.3307968580286294,-2.368452886660429,1.1180362883472437,6.885156491905042e-05,0.05042533591228704,0.7341944307274917,0.24567435022150577,-0.4602620651493749,0.21460869582542524,0.0027056606210688443,0.25964736844171
0.18355391241987756,-0.3138846957730094,-2.3999907692299525,1.132665468509286,0.00027174607523941334,0.06989740053645933,0.7272865468005101,0.21198079254341434,-0.3937828277416168,0.1818767269409433,0.0027633666659628766,0.2652757507037593
0.23843913110710555,-0.29907745114325546,-2.427371777332487,1.1452470345144157,0.000482948173687926,0.09017767512536125,0.7323451278349681,0.18167520406078053,-0.33473229690394257,0.15319191115571867,0.0028394310293336153,0.27278657357301955
0.2938397029311212,-0.2864982573439131,-2.450451922682206,1.1557604330935214,0.0006993066558967679,0.11097327932489863,0.7304502511584666,0.15043460741417547,-0.2752036245006174,0.12496297533237746,0.0028587762194650862,0.27496756070681416
0.3494340097827905,-0.27626779798656004,-2.469096664481511,1.1641918370444675,0.0009173704413652261,0.13196261454118266,0.7379793480607975,0.11914876705705027,-0.2166548456394421,0.09776382600578128,0.002885384284435702,0.2779930354911405
0.4048811552269537,-0.26849649822157046,-2.4831880034624243,1.1705334021508182,0.0011335025444937715,0.15280480458133489,0.7277111033320622,0.08627724216737992,-0.15629865129983161,0.07032939057422924,0.0028132644648969124,0.2715820940719924
0.45983253776729416,-0.26327622834797704,-2.492630958703958,1.1747814420102356,0.0013440166004337912,0.17315126795909547,0.7008352243067008,0.05003765757201889,-0.09063186880634422,0.0409394678386156,0.002645775167234402,0.25604797061950724
0.5139446962476688,-0.26067254971849985,-2.4973589574770525,1.176934087149918,0.001545324096328371,0.19265856232431416,0.6719720327854015,0.016697612188818243,-0.030698308090817635,0.014367482366748495,0.0024503016758806785,0.23775546590150973
0.566892308265739,-0.2607187127567705,-2.497337714431634,1.1769892180974388,0.0017340771966806406,0.2110013820244458,0.6005546388919324,-0.015000255220227413,0.02619950688744768,-0.010848471992508867,0.0020844463812155077,0.20283844775891424
0.6183801308751258,-0.2634124781914885,-2.492567272964518,1.1749434047553031,0.0019072931705442036,0.22788449816702644,0.598570486288707,-0.04852134064509302,0.08651665291015326,-0.03763408085205548,0.001935401239163523,0.18892889647095717
0.6681527855951517,-0.2687163742271603,-2.4830820306430192,1.1707922756248432,0.0020624492089954794,0.2430525432545953,0.6310181470793709,-0.08525434185996053,0.15314510788138813,-0.06751254012111954,0.001874789639465235,0.18352824071562918
0.7160015898601404,-0.27656134298464125,-2.4689487482972488,1.1645322691096804,0.002197538783200035,0.25629684257533275,0.5931390872065938,-0.1142624213013371,0.2067355902654439,-0.09213344750619605,0.0015790252257853108,0.1549880305132132
0.7617680540091388,-0.2868530600036872,-2.4502626959968254,1.1561631776590733,0.0023110907503394065,0.26745891136239164,0.5184753825362503,-0.1321118314336029,0.2409366653072149,-0.10855438831241337,0.001192786757665958,0.11736223950933702
0.8053441068605097,-0.2994798156852459,-2.427142262991553,1.1456907056740748,0.002402152718867386,0.2764306807446149,0.4903694117857447,-0.15951309875315375,0.29357195966516647,-0.13384450775423962,0.0009141529698425436,0.09009762759061818
0.8466694641005903,-0.31432057576638733,-2.3997222472140263,1.1331275665318623,0.002470318488687611,0.28315186516956325,0.5034334635760691,-0.19956382398331235,0.37058457803320444,-0.17084987550600916,0.0007051316302408839,0.0696153798453675
0.8857269659995134,-0.3312534312096472,-2.3681476907731063,1.1184971558988344,0.0025153452240311166,0.2876053071959733,0.4996115619025484,-0.23641777276103976,0.4430426856877375,-0.20651376251155523,0.00044041471113390705,0.04358185057937044
0.922536275035734,-0.3501605446452279,-2.3325649229997305,1.10182719104768,0.002537609613066722,0.2898106645753767,0.4847773924440516,-0.26955482711547063,0.5097213161998218,-0.24012779010472246,0.00015001611084180575,0.014869526874662576
0.9571472255771979,-0.37093424024187527,-2.2931157355450447,1.0831517667726822,0.0025376666682283984,0.28981776838594864,0.464832638775607,-0.3003328335508402,0.572924961980825,-0.2726292386017541,-0.0001494996053236158,-0.01477862978765847
0.9896330242454594,-0.39348027385134166,-2.249930385817146,1.0625070836032566,0.0025162561723999434,0.28769982174688447,0.4470746898022163,-0.33268858667081846,0.6399732314744903,-0.30739749985776327,-0.00045284617099584934,-0.04478189486063114
1.0200839170903577,-0.41772035944652564,-2.2031215126317005,1.0399278593699581,0.002474255903471872,0.28354706708157756,0.4277048315275739,-0.3636146904534706,0.7049290774597814,-0.34149908854373334,-0.0007525486499740553,-0.07435545236157562
1.0486015936557802,-0.443593953356045,-2.152778562845416,1.0154435056487658,0.0024126317157001807,0.27746119031876454,0.4050759227561054,-0.39148960120930454,0.7645017206261829,-0.3732613437467699,-0.0010417958982083312,-0.1027885868368679
1.0752944626792549,-0.47105964893037144,-2.0989625489128168,0.9890742460753842,0.0023323977760160604,0.2695505966597802,0.3830324125609764,-0.41895158089209605,0.8236237785673983,-0.4049772321001707,-0.00132057565309248,-0.13005478300834064
1.100273825633318,-0.500096512052307,-2.0417008394121905,0.9608272112945319,0.002234586203603416,0.25992658413774,0.36028397705320836,-0.4444132443276526,0.8790541084496495,-0.43498603140441894,-0.0015818155019791474,-0.15535541094795113
1.123650928131954,-0.5307058308583168,-1.980981955946171,0.9306935093785671,0.0021201030252234144,0.24870039746731923,0.33796611836839385,-0.4691003002869101,0.9331336495878999,-0.46440951570892086,-0.0018253755080289927,-0.1788337102393611
1.1455346209386315,-0.562912667719779,-1.9167476091859008,0.8986397665389873,0.0019901700986102028,0.23598087979922688,0.31470501493847836,-0.4903748343084935,0.9804901722414081,-0.4905116869404277,-0.0020365465605905234,-0.19909158634990792
1.1660299339709412,-0.5967698372406312,-1.84888642975081,0.8646085959257004,0.0018456782622196756,0.22187305949999944,0.28501508829241506,-0.4977829301584573,1.0,-0.5026077420135486,-0.00216770959914745,-0.21136372287001096
1.1852369139721206,-0.6323619215403762,-1.7772217895561953,0.8285087282624019,0.0016875722719428686,0.2064769799083519,0.2529433931932415,-0.4956013517022916,1.0,-0.5047655098856207,-0.002230954255174728,-0.216957965484909
1.20324999679715,-0.6698121158981177,-1.7014967438249717,0.7902071748780484,0.0015167580723854047,0.18988707338208113,0.22441936777920146,-0.49358231518080975,1.0,-0.5067521697436013,-0.002267395951870543,-0.21993577515507223
1.2201576738183022,-0.7092922629665112,-1.6213518609961148,0.7495170851322314,0.0013341018035571068,0.17219182766708244,0.19885577667236148,-0.49169605668915345,1.0,-0.5085990623047563,-0.0022779783258613127,-0.22042463539710802
1.2360423940999927,-0.7510381222968634,-1.536292049158264,0.706179835924996,0.0011404307529721352,0.15347368803308306,0.1757626140571445,-0.48991262549444303,1.0,-0.5103377457338556,-0.002262982607643361,-0.21848508758261986
1.2509806364601856,-0.795373284579485,-1.4456350382762304,0.6598374212059751,0.0009365354806995372,0.13380912929890176,0.15472112320853904,-0.4882010003041355,1.0,-0.5120008807480073,-0.00222201070983777,-0.21410776203874773
1.2650430994145516,-0.8427481551341013,-1.3484277328344272,0.6099877897881889,0.0007231715709914481,0.11326884576754244,0.13536130127040819,-0.4865274121596085,1.0,-0.5136239474348306,-0.0021538703271376833,-0.20720144798762113
1.2782949681916045,-0.8938070230935884,-1.2433025041673524,0.5559082029133394,0.0005010626018941413,0.09191801822038659,0.11733925624297015,-0.484852313175245,1.0,-0.515248361802605,-0.0020563047672369546,-0.1975664499484001
1.2907962284333576,-0.9495121377710929,-1.128211422699327,0.4965135425442067,0.0002709027824008222,0.0698166276124568,0.09472723220240975,-0.45386772612607984,0.9393312996362146,-0.48551378867698736,-0.0018131296128375994,-0.17406167157919247
1.3026020034399746,-1.0113973209929696,-0.9998828971648211,0.43006656449277436,3.335954104554864e-05,0.04701979231793491,0.0670558015784673,-0.3807757211370783,0.7910137397828981,-0.4102459083293638,-0.001396283139187418,-0.1339954038922568
1.3137628969854964,-1.0821666455873256,-0.8525383701280718,0.3534932713941023,-0.0002109238470539074,0.023578110948483347,0.035463654646275745,-0.24018142763042538,0.5007769370365945,-0.26058434808660946,-0.0007922648400880883,-0.07603594977842423
1.3243253235631918,-1.1674686992128709,-0.6740866555246758,0.26035151487564145,-0.0004613260772020307,-0.00046200738988686147,0.0,0.0,0.0,0.0,0.0,0.0
1.3243253235631918,-1.1674686992128709,-0.6740866555246758,0.26035151487564145,-0.0004613260772020307,-0.00046200738988686147,0.0,0.0,0.0,0.0,0.0,0.0
1.3243253235631918,-1.1674686992128709,-0.6740866555246758,0.26035151487564145,-0.0004613260772020307,-0.00046200738988686147,0.0,0.0,0.0,0.0,0.0,0.0
1.3243253816933054,-1.184087166468924,-0.7461976711775254,0.349080997758156,-0.0004613254720095192,-0.00046194926291536235,4.200092713019377e-07,-0.15388792115451463,-0.45177002680349687,0.6056579477673472,4.372715762216806e-09,4.199865687438175e-07
1.3243254406748404,-1.2104236170093559,-0.7999596096448056,0.42917938673909306,-0.00046132485795286944,-0.0004618902845684395,4.577557895967089e-07,-0.235891536617276,-0.3510894639737694,0.5869810003832453,4.76569470230904e-09,4.577310467375052e-07
1.324325500527465,-1.2447727901653374,-0.8385010485982488,0.5020699988213474,-0.00046132423482729773,-0.0004618304351790211,4.900529979476515e-07,-0.30706995132070736,-0.25899033358967527,0.5660602846879208,5.101940895936199e-09,4.900265082696261e-07
1.3243255612705973,-1.2860953160412405,-0.8634622555447237,0.5683537316161508,-0.0004613236024306571,-0.00046176969533027676,4.9998864822349e-07,-0.3636800792319952,-0.150971238848909,0.5146513178539327,5.205380929303373e-09,4.99961621629797e-07
1.3243256229242515,-1.333681746368535,-0.8757354735367401,0.628213379907474,-0.00046132296055457095,-0.00046170804500862906,5.398405526023034e-07,-0.4395080615225532,-0.05111453722397892,0.4906225985014703,5.620279060967816e-09,5.398113729039025e-07
1.3243256855090508,-1.3870442287778513,-0.8757169289035235,0.681557317655163,-0.00046132230898433206,-0.0004616454635921435,5.65941437283416e-07,-0.5033310740502914,0.054975408683170704,0.44835566511021,5.892015358315526e-09,5.659108459739121e-07
1.3243257490462483,-1.4458804951714324,-0.863405734159729,0.7280823892761067,-0.0004613216474986724,-0.0004615819298291626,5.598542715482969e-07,-0.5375750791834322,0.1620770171981124,0.3754980617311728,5.828641895861999e-09,5.598240095507934e-07
1.32432581355775,-1.5100842651861448,-0.8384034568445863,0.7672838819463914,-0.00046132097586953636,-0.0004615174218143999,5.522524470890519e-07,-0.5686459121933845,0.2695888505134755,0.29905706142921384,5.749499313937185e-09,5.522225958840655e-07
1.3243258790661416,-1.5798014829139446,-0.7998137811766199,0.7984114239764873,-0.00046132029386177815,-0.00046145191696390567,4.895733829686477e-07,-0.536953519376756,0.33545667318739836,0.20149684596711648,5.09694768595051e-09,4.895469189301791e-07
1.324325945594714,-1.655558130195867,-0.7459854459855818,0.8203397360371713,-0.000461319601232921,-0.0004613853919876601,2.9569333200241154e-07,-0.3440212747005066,0.26030697083420884,0.08371430373206859,3.0784627829481595e-09,2.956773485946646e-07
1.3243260131674954,-1.7385439765535602,-0.6739162876977104,0.8312564240763183,-0.0004613188977328111,-0.00046131782285874223,0.0,0.0,0.0,0.0,0.0,0.0
1.3243260131674954,-1.7385439765535602,-0.6739162876977104,0.8312564240763183,-0.0004613188977328111,-0.00046131782285874223,0.0,0.0,0.0,0.0,0.0,0.0
1.3243260131674954,-1.7385439765535602,-0.6739162876977104,0.8312564240763183,-0.0004613188977328111,-0.00046131782285874223,0.0,0.0,0.0,0.0,0.0,0.0
1.3243260131594539,-1.633691621527964,-0.8043522136383178,0.8568714029206898,-0.00046131885284802734,-0.00046131783139659484,-6.201589788007448e-11,0.7654503550174045,-0.8958901958752241,0.13068153340025415,3.454014709648341e-10,-6.582680132780988e-11
1.3243260131513792,-1.5390704747081323,-0.9081457904530975,0.8660752409156951,-0.0004613188079629263,-0.0004613178399655209,-6.702838644860666e-11,0.7559730016942189,-0.780357115727629,0.02464427137597682,3.7179103190830004e-10,-7.111549418788002e-11
1.3243260131432704,-1.4510106876922992,-0.9931960052138069,0.8630970766889073,-0.00046131876307760333,-0.00046131784856697985,-7.10564471541811e-11,0.747963740639745,-0.6760358498249728,-0.0716532649539197,3.92469487063624e-10,-7.536002556883732e-11
1.3243260131351273,-1.367833692991399,-1.063246764786273,0.850002249546391,-0.0004613187181921834,-0.00046131785720180616,-7.473843295942897e-11,0.743173640375637,-0.5817916601619338,-0.16109432865823198,4.110862976385906e-10,-7.92332607567243e-11
1.3243260131269499,-1.2886581978595795,-1.1204431310134761,0.828054528663041,-0.0004613186733064953,-0.00046131786586907044,-7.733546781652794e-11,0.7300590991616903,-0.4844190087427627,-0.24534370083014118,4.235755626734877e-10,-8.195202904659719e-11
1.3243260131187375,-1.2130549397069268,-1.1660811225531533,0.7981206700925407,-0.00046131862842064625,-0.000461317874570024,-7.966906889210506e-11,0.7150940477228245,-0.38917068727265053,-0.3256193143489099,4.345191343888304e-10,-8.439290241745161e-11
1.3243260131104906,-1.1408816604026084,-1.200964562135688,0.7608622383708141,-0.0004613185835346755,-0.0004613178833043091,-8.145285941301435e-11,0.69400866950453,-0.2929053625866085,-0.40079376617422674,4.4237352943671384e-10,-8.6247063193737e-11
1.3243260131022083,-1.07219362296291,-1.2255922112754571,0.7168332580780118,-0.0004613185386484953,-0.0004613178920721602,-8.223132000913782e-11,0.6623229727795035,-0.19475624612743997,-0.4672555471534706,4.447173465076544e-10,-8.703756675413999e-11
1.324326013093891,-1.0071883558338828,-1.240262784820754,0.6665299724660598,-0.00046131849376219476,-0.0004613179008741269,-8.145409349983904e-11,0.6160350494185314,-0.0960739990329103,-0.5196541146166236,4.3865413396477214e-10,-8.618339745093536e-11
1.3243260130855379,-0.9461673894693149,-1.2451348177811838,0.6104124471043972,-0.00046131844887562504,-0.00046131790971046303,-7.627122979139183e-11,0.5373640974977832,-0.0026140874761032794,-0.5344638028107043,4.0903165277470456e-10,-8.066648554399751e-11
1.324326013077149,-0.8895078899037174,-1.2402578875314143,0.5489074252890878,-0.00046131840398894067,-0.000461317918580613,-7.586021517828284e-11,0.4885071394083943,0.09041549814725619,-0.5786392572251984,4.049934081627193e-10,-8.019804341256378e-11
1.324326013068724,-0.8376420300862197,-1.2255823394525578,0.48239742540693015,-0.00046131835910203755,-0.0004613179274859495,-7.68569103137176e-11,0.44916248376431134,0.17708465775901172,-0.625961213070044,4.086366520267666e-10,-8.122230790727279e-11
1.3243260130602628,-0.7910447386602748,-1.2009495217038166,0.4111987242323013,-0.00046131831421498704,-0.00046131793642585747,-7.608383506302932e-11,0.3914451099548151,0.2682479795831133,-0.6594112857675924,4.0274344567560973e-10,-8.037253054367652e-11
1.3243260130517653,-0.7502324697710732,-1.166060502552362,0.3355288442199812,-0.00046131826932771573,-0.0004613179454006219,-7.851456909090401e-11,0.34693958862881763,0.3712939205516451,-0.7179439376169641,4.138466887901335e-10,-8.290844330026067e-11
1.3243260130432308,-0.7157778586751372,-1.1204160740402582,0.25546121261199867,-0.0004613182244402696,-0.0004613179544109424,-7.840177983308984e-11,0.2838528690526171,0.471040595146729,-0.7546055538440946,4.114742381278292e-10,-8.275798968387712e-11
1.3243260130346595,-0.6883490995697109,-1.06321138091572,0.17085916838209145,-0.0004613181795526673,-0.0004613179634569197,-7.52164142004579e-11,0.20709713931407586,0.5550087612316801,-0.7618308601601353,3.9308222813487497e-10,-7.936678118045599e-11
1.3243260130260508,-0.6687920705558139,-0.9931475756902466,0.08126974216398745,-0.000461318134664859,-0.00046131797253881813,-6.866123445027235e-11,0.12163564422008541,0.6140546027865394,-0.7354402533066092,3.572875342008083e-10,-7.24221842190279e-11
1.3243260130174048,-0.6582974416851003,-0.9080697555706354,-0.014271298833349596,-0.0004613180897768775,-0.00046131798165649084,-5.6086365642564045e-11,0.03812713741757059,0.6020523773347147,-0.6399761442151906,2.9065558316077615e-10,-5.913665439394098e-11
1.324326013008721,-0.6587681920960926,-0.8041824437169477,-0.11765645224770886,-0.0004613180448886628,-0.000461317990810432,-3.216824816866314e-11,-0.015988748182595172,0.4101613512005443,-0.39405638874638327,1.6609309913453837e-10,-3.3906848944178885e-11
1.3243260129999994,-0.673775760508297,-0.6740077690597254,-0.23279215049266933,-0.00046131800000030694,-0.00046131800000103184,0.0,0.0,0.0,0.0,0.0,0.0
1.3243260129999994,-0.673775760508297,-0.6740077690597254,-0.23279215049266933,-0.00046131800000030694,-0.00046131800000103184,0.0,0.0,0.0,0.0,0.0,0.0
1.2430376810775647,-0.630581819414,-0.6332422353136714,-0.21807533259154807,-0.0019428929539313307,-0.00042667927346284055,-0.33906898072188973,0.18017008387107197,0.17004073830728353,0.061386626188421584,-0.006179928873086242,0.00014448466862397618
1.1617493491551298,-0.5873878783197031,-0.5924767015676173,-0.20335851469042682,-0.003424467907862355,-0.0003920405469246493,-0.5532904028802047,0.2940002889080268,0.27747129331553916,0.10017026937390874,-0.010084364923860325,0.00023576907667216703
1.0804610172326952,-0.5441939372254061,-0.5517111678215634,-0.18864169678930554,-0.004906042861793378,-0.000357401820386458,-0.6806143921104587,0.36165606139884676,0.341323389390051,0.12322159690925485,-0.012404993592414235,0.0002900245982260691
0.9991726853102604,-0.5009999961311091,-0.5109456340755094,-0.17392487888818428,-0.006387617815724402,-0.0003227630938482667,-0.781158530682277,0.41508190365861786,0.39174557639996993,0.14142457565654243,-0.014237528151183593,0.00033286864285882645
0.9178843533878256,-0.4578060550368122,-0.47018010032945545,-0.15920806098706303,-0.007869192769655427,-0.0002881243673100755,-0.866513434866826,0.4604366872575078,0.4345504678848469,0.15687762472452288,-0.01579322114234595,0.00036924022430010015
0.8365960214653909,-0.4146121139425153,-0.42941456658340144,-0.14449124308594177,-0.00935076772358645,-0.0002534856407718842,-0.9427915020499522,0.500968338759948,0.4728033886706323,0.17068736098107096,-0.01718347815955997,0.0004017439680420589
0.7553076895429561,-0.3714181728482183,-0.3886490328373474,-0.12977442518482052,-0.010832342677517474,-0.00021884691423369293,-0.9901480247034604,0.5261320344780271,0.4965523557938525,0.17926100622436394,-0.018046606190476544,0.00042192361251501646
0.6740193576205213,-0.32822423175392135,-0.34788349909129346,-0.11505760728369925,-0.012313917631448498,-0.00018420818769550166,-1.0,0.531367049523326,0.5014930529630302,0.18104465367998984,-0.01822616996673939,0.0004261217535038547
0.5927310256980866,-0.2850302906596244,-0.3071179653452395,-0.10034078938257798,-0.013795492585379522,-0.00014956946115731037,-0.9901480247034604,0.5261320344780271,0.4965523557938525,0.17926100622436394,-0.018046606190476544,0.00042192361251501646
0.5114426937756518,-0.2418363495653274,-0.2663524315991855,-0.08562397148145673,-0.015277067539310546,-0.00011493073461911913,-0.9427915020499522,0.500968338759948,0.4728033886706323,0.17068736098107096,-0.01718347815955997,0.0004017439680420587
0.4301543618532171,-0.19864240847103048,-0.22558689785313146,-0.07090715358033547,-0.01675864249324157,-8.029200808092784e-05,-0.866513434866826,0.4604366872575078,0.4345504678848469,0.15687762472452288,-0.015793221142345944,0.0003692402243001005
0.3488660299307823,-0.15544846737673357,-0.1848213641070775,-0.05619033567921422,-0.018240217447172594,-4.5653281542736544e-05,-0.781158530682277,0.41508190365861786,0.39174557639996993,0.14142457565654243,-0.01423752815118359,0.00033286864285882645
0.2675776980083475,-0.1122545262824366,-0.14405583036102354,-0.041473517778092966,-0.019721792401103617,-1.1014555004545306e-05,-0.6804348939480984,0.36156068198991853,0.3412333723086082,0.12318909972661415,-0.012401722028398341,0.00028994811015437314
0.18628936608591284,-0.06906058518813962,-0.10329029661496947,-0.026756699876971685,-0.02120336735503464,2.3624171533645987e-05,-0.5537812477506546,0.2942611076986114,0.2777174486081524,0.10025913421348993,-0.010093311145896448,0.0002359782363490615
0.10500103416347795,-0.02586664409384265,-0.0625247628689155,-0.01203988197585043,-0.022684942308965665,5.8262898071837225e-05,-0.3397393237546999,0.1805262820705848,0.17037691068133964,0.0615079882106435,-0.006192146659138259,0.00014477031637256629
0.02371270224104326,0.0173272970004543,-0.021759229122861542,0.0026769359252708357,-0.02416651726289669,9.290162461002849e-05,0.0,0.0,0.0,0.0,0.0,0.0
0.02371270224104326,0.0173272970004543,-0.021759229122861542,0.0026769359252708357,-0.02416651726289669,9.290162461002849e-05,0.0,0.0,0.0,0.0,0.0,0.0
-0.027953726092501355,-0.055784839233911525,-0.07005082792227191,0.006565701214520724,-0.022347546736357443,1.0236622519619988e-05,-0.22999773830324546,-0.3254652299142051,-0.21497438203408525,0.01731118736417364,0.00809731039357851,-0.00036799066881274835
-0.07962015442604597,-0.12889697546827736,-0.11834242672168227,0.010454466503770613,-0.020528576209818197,-7.242837957078852e-05,-0.3718774856288508,-0.5262364415102713,-0.3475866034823681,0.027990017979007176,0.01309233495831227,-0.0005949947406549478
-0.13128658275959057,-0.2020091117026432,-0.16663402552109263,0.014343231793020501,-0.01870960568327895,-0.00015509338166119706,-0.45902415896404497,-0.6495559675305703,-0.42904089248871913,0.03454926678466682,0.016160424535925744,-0.0007344272535222781
-0.1829530110931352,-0.275121247937009,-0.214925624320503,0.01823199708227039,-0.016890635156739706,-0.00023775838375160552,-0.5307734291729096,-0.751086934299973,-0.49610353031436094,0.03994960275749602,0.0186864324683512,-0.0008492243038140295
-0.2346194394266798,-0.34823338417137484,-0.26321722311991336,0.022120762371520275,-0.01507166463020046,-0.00032042338584201407,-0.5884489225832166,-0.8327023791373104,-0.5500116845677923,0.04429065097872063,0.020716958401742328,-0.0009415036607796225
-0.2862858677602244,-0.4213455204057407,-0.3115088219193237,0.026009527660770165,-0.013252694103661216,-0.00040308838793242264,-0.6369536902248303,-0.9013405121418989,-0.5953481410320498,0.04794144827305137,0.022424619364237133,-0.0010191100842893628
-0.33795229609376903,-0.49445765664010644,-0.3598004207187341,0.02989829295002005,-0.01143372357712197,-0.000485753390022831,-0.6308968928107483,-0.8927696584567255,-0.5896869710970603,0.04748557268211941,0.022211383490638326,-0.0010094193588599993
-0.38961872442731366,-0.5675697928744723,-0.40809201951814444,0.033787058239269946,-0.009614753050582724,-0.0005684183921132396,-0.5768541540860861,-0.8162948526000493,-0.5391742815094522,0.04341795018010064,0.020308752476955523,-0.0009229523191644172
-0.4412851527608582,-0.6406819291088381,-0.4563836183175548,0.03767582352851983,-0.00779578252404348,-0.000651083394203648,-0.5201434967227523,-0.736044728083574,-0.48616794061511054,0.03914952205378684,0.018312194603463124,-0.0008322166759102708
-0.49295158109440285,-0.713794065343204,-0.5046752171169652,0.04156458881776972,-0.0059768119975042305,-0.0007337483962940566,-0.45286904665859473,-0.6408459903959262,-0.42328782955003064,0.03408599134920713,0.015943727383978742,-0.0007245792267085804
-0.5446180094279475,-0.7869062015775697,-0.5529668159163755,0.04545335410701961,-0.004157841470964988,-0.0008164133983844651,-0.37110947009315526,-0.5251496379845195,-0.3468687544009086,0.027932211928673362,0.01306529616990722,-0.000593765934873099
-0.5962844377614921,-0.8600183378119357,-0.6012584147157859,0.0493421193962695,-0.0023388709444257423,-0.0008990784004748737,-0.2302928737058914,-0.3258828701587862,-0.21525023931541443,0.01733340125327836,0.008107700943420384,-0.00036846287812668027
-0.6479508660950367,-0.9331304740463015,-0.6495500135151963,0.05323088468551938,-0.0005199004178864957,-0.000981743402565282,0.0,0.0,0.0,0.0,0.0,0.0
